Id,Tag
77434,vector
79709,memory
79709,function
79709,global-variables
79709,side-effects
95007,math
95007,statistics
103312,file
103312,file-io
103312,eof
255697,math
255697,statistics
255697,bayesian
255697,dirichlet
359438,mathematical-optimization
439526,vector
445059,vector
467110,language-features
476726,filtering
495744,time-series
498932,visual-studio
498932,setup-project
509595,time-series
520810,perl
551113,genetics
560329,statistics
582653,datetime
652136,list
652136,indexing
657440,statistics
659725,database
